Task,Task_code,Gene,Level,Knowledge_base,Omics,Direction,Key_biological_evidence
Survival BRCA (Breast Cancer),survival_BRCA,ABCB1,B,CIViC,Mutation,Better,"ABCB1 variants (G2677T, C3435T) associated with longer PFS in HER2+ mBC treated with taxane+trastuzumab."
Survival BRCA (Breast Cancer),survival_BRCA,CCND1,B,CIViC,Gene expression,Poor,"Cyclin D1 overexpression linked to shorter OS and increased metastasis in ER+ breast cancer."
Survival BRCA (Breast Cancer),survival_BRCA,CCNE1,B,CIViC,Gene expression,Poor,"High cyclin E expression strongly associated with poor prognosis (HR=13.3 vs. normal levels)."
Survival BRCA (Breast Cancer),survival_BRCA,CD274,B,CIViC,Gene expression,Mixed,"PD-L1 overexpression correlates with shortened OS; however, PD-L1+ TIICs indicate better prognosis."
Survival BRCA (Breast Cancer),survival_BRCA,ERBB2,B,CIViC,Protein level,Poor,"Higher serum HER2 associated with worse PFS and OS in breast cancer (HR per 10 ng/mL: 1.024)."
Survival BRCA (Breast Cancer),survival_BRCA,EZH2,B,CIViC,Gene expression,Poor,"High EZH2 expression associated with poorer outcome (meta-analysis: 51 studies, 9444 patients)."
Survival BRCA (Breast Cancer),survival_BRCA,FCGR2B,B,CIViC,Mutation,Poor,"FCGR2B I232T carriers did not benefit from trastuzumab, unlike I/I patients (p=0.03 interaction)."
Survival BRCA (Breast Cancer),survival_BRCA,FGFR1,B,CIViC,"Copy number alteration, Gene expression",Poor,"FGFR1 amplification/expression predicts worse OS (meta-analysis) and poor DFS in luminal A subtype."
Survival BRCA (Breast Cancer),survival_BRCA,GNAS,B,CIViC,Mutation,Poor,"GNAS T393C TT genotype associated with higher death risk; 10-yr survival 63% (CC) vs. 23% (TT)."
Survival BRCA (Breast Cancer),survival_BRCA,MKI67,B,CIViC,Gene expression,Poor,"Ki-67 >=25% by IHC prognostic for worse OS (meta-analysis HR=2.05)."
Survival BRCA (Breast Cancer),survival_BRCA,NCOA3,B,CIViC,"Copy number alteration, Gene expression",Poor,"NCOA3 amplification and high expression both associated with shorter disease-specific survival."
Survival BRCA (Breast Cancer),survival_BRCA,PGR,B,CIViC,Gene expression,Mixed,"PgR expression predicts better relapse-free survival; low expression predicts worse DFS."
Survival BRCA (Breast Cancer),survival_BRCA,PIK3CA,B,CIViC,Mutation,Mixed,"H1047R mutations predict longer OS; exon 9 mutations predict worse OS and DFS; overall effect context-dependent."
Survival BRCA (Breast Cancer),survival_BRCA,TP53,B,CIViC,Mutation,Poor,"Multiple hotspot mutations (R248W worst) predict poor OS; DNA-contact region mutations worsen RFS."
Survival LUAD (Lung Adenocarcinoma),survival_LUAD,CCND1,B,CIViC,"Copy number alteration, Gene expression",Poor,"Increased CCND1 copy number and expression associated with poorer OS in NSCLC."
Survival LUAD (Lung Adenocarcinoma),survival_LUAD,CD274,B,CIViC,Gene expression,Mixed,"PD-L1+/CD8-low tumors show shortest PFS; PD-L1+ TIICs may indicate better prognosis."
Survival LUAD (Lung Adenocarcinoma),survival_LUAD,CDKN2A,B,CIViC,"DNA methylation, Gene expression",Poor,"p16 promoter hypermethylation and low p16 protein linked to shorter recurrence time and OS in NSCLC."
Survival LUAD (Lung Adenocarcinoma),survival_LUAD,EGFR,B,CIViC,Mutation,Mixed,"L858R predicts better OS; T790M predicts worse PFS and OS; activating mutations overall protective."
Survival LUAD (Lung Adenocarcinoma),survival_LUAD,FGFR1,B,CIViC,Copy number alteration,Mixed,"Moderate FGFR1 copy number (4-6) reduces death risk; high amplification worsens OS (meta-analysis)."
Survival LUAD (Lung Adenocarcinoma),survival_LUAD,KRAS,B,CIViC,Mutation,Poor,"KRAS mutations (esp. G12V, G12C) associated with worse OS, PFS, and higher recurrence in NSCLC."
Survival LUAD (Lung Adenocarcinoma),survival_LUAD,MAP2K7,B,CIViC,Mutation,Poor,"E116K genotype reduces median survival by 4-7 months; increases cancer death risk (HR up to 1.94)."
Survival LUAD (Lung Adenocarcinoma),survival_LUAD,NOTCH1,B,CIViC,Mutation,Poor,"Gain-of-function mutations (D1642H, R2327W, etc.) correlate with poor prognosis in TP53-wt lung cancer."
Survival LUAD (Lung Adenocarcinoma),survival_LUAD,NRG1,B,CIViC,Gene fusion,Poor,"SLC3A2-NRG1 fusion associated with inferior survival in mucinous lung adenocarcinoma."
Survival LUAD (Lung Adenocarcinoma),survival_LUAD,RET,B,CIViC,Gene expression,Poor,"High RET mRNA expression correlates with shorter OS in ASCL1-expressing lung adenocarcinoma."
Survival LUAD (Lung Adenocarcinoma),survival_LUAD,SLC3A2,B,CIViC,Gene fusion,Poor,"SLC3A2-NRG1 fusion-positive patients demonstrate inferior OS in lung adenocarcinoma."
Survival LUAD (Lung Adenocarcinoma),survival_LUAD,SMARCA4,B,CIViC,"Mutation, Gene expression",Poor,"Loss-of-function mutations and low expression both predict worse OS in lung adenocarcinoma."
Survival LUAD (Lung Adenocarcinoma),survival_LUAD,STK11,B,CIViC,Mutation,Poor,"Exon 1-2 mutations significantly shorten OS (24 vs. 69 months) in non-squamous NSCLC."
Survival LUAD (Lung Adenocarcinoma),survival_LUAD,XRCC1,B,CIViC,Mutation,Better,"R399Q variant correlates with higher OS in NSCLC patients treated with gemcitabine+platinum."
Survival COADREAD (Colorectal Cancer),survival_COADREAD,BRAF,B,CIViC,Mutation,Mixed,"V600E predicts poor OS (HR ~2-5x); non-V600 mutations show longer survival than V600E and wt."
Survival COADREAD (Colorectal Cancer),survival_COADREAD,CDX2,B,CIViC,Gene expression,Better,"CDX2 loss predicts lower 5-yr DFS in stage II/III CRC (HR=3.44 discovery; 2.42 validation)."
Survival COADREAD (Colorectal Cancer),survival_COADREAD,DCC,B,CIViC,Gene expression,Better,"DCC expression predicts better 5-yr survival (94% vs. 62% stage II; 59% vs. 33% stage III)."
Survival COADREAD (Colorectal Cancer),survival_COADREAD,EZH2,B,CIViC,"Mutation, Gene expression",Poor,"Intron 6 variant and high expression both correlate with lower PFS and OS in metastatic CRC."
Survival COADREAD (Colorectal Cancer),survival_COADREAD,FGFR1,B,CIViC,Copy number alteration,Poor,"FGFR1 amplification predicts worse OS across cancer types (meta-analysis)."
Survival COADREAD (Colorectal Cancer),survival_COADREAD,GNAS,B,CIViC,Mutation,Better,"GNAS T393C TT genotype shows higher 5-yr survival (88%) vs. CC (50%) in stage I-II CRC."
Survival COADREAD (Colorectal Cancer),survival_COADREAD,HIF1A,B,CIViC,Gene expression,Poor,"HIF1A overexpression linked to higher CRC-specific mortality (adjusted HR=1.72, p=0.0007)."
Survival COADREAD (Colorectal Cancer),survival_COADREAD,KRAS,B,CIViC,Mutation,Mixed,"G12/G13 mutations reduce PFS and OS; however, G12D shows longer survival than other G12 variants."
Survival COADREAD (Colorectal Cancer),survival_COADREAD,NRAS,B,CIViC,Mutation,Poor,"NRAS mutations associated with poorer survival and worse prognosis in CRC."
Survival COADREAD (Colorectal Cancer),survival_COADREAD,PIK3CA,B,CIViC,Mutation,Poor,"Mutations reduce relapse-free survival; E545K especially associated with high recurrence (89%)."
Survival COADREAD (Colorectal Cancer),survival_COADREAD,POLE,B,CIViC,Mutation,Better,"Proofreading domain mutations (P286R, V411L, S459F) identify immunogenic CRCs with excellent prognosis."
Survival COADREAD (Colorectal Cancer),survival_COADREAD,THBS2,B,CIViC,Gene expression,Poor,"Low THBS2 expression is a negative prognostic factor for DFS (HR=3.057, p=0.002)."
Drug response: Cisplatin (BLCA - Bladder Cancer),drug_response_Cisplatin-BLCA,ERCC2,B,OncoKB,Mutation,Sensitivity,"Oncogenic ERCC2 mutations predict sensitivity to cisplatin-based chemotherapy in bladder cancer."
Drug response: Temozolomide (LGG - Low-Grade Glioma),drug_response_Temozolomide-LGG,IDH1,B,CIViC,Mutation,Sensitivity,"IDH mutations improve temozolomide response rate (61% vs. 17%, p=0.01) in low-grade glioma."
Drug response: Temozolomide (LGG - Low-Grade Glioma),drug_response_Temozolomide-LGG,MGMT,B,CIViC,Gene expression,Sensitivity,"Low MGMT protein expression associated with objective response to temozolomide (p<0.04)."
